OCC_TITLE,assumed_pronoun_gpt3.5,assumed_pronoun_gpt4-o
Top Executive,he,they
Chief Executive,he,they
General   Operation Manager,they,they
Legislator,they,they
Advertising,they,they
Promotion,they,they
Public Relation,they,they
Sale Manager,he,they
Advertising   Promotion Manager,they,they
Marketing Manager,they,they
Public Relation   Fundraising Manager,they,they
Fundraising Manager,they,they
Operation Specialty Manager,they,they
Administrative Service   Facility Manager,they,they
Administrative Service Manager,he,they
Facility Manager,they,they
Computer   Information System Manager,they,they
Financial Manager,they,they
Industrial Production Manager,he,they
Purchasing Manager,he,they
Transportation,they,they
Distribution Manager,they,they
Compensation   Benefit Manager,they,they
Human Resource Manager,they,they
Training   Development Manager,they,they
Other Management Occupation,they,they
Farmer,he,they
Rancher,he,they
Other Agricultural Manager,they,they
Construction Manager,he,they
Education   Childcare Administrator,they,they
Preschool   Daycare,they,they
Education Administrator,he,they
Kindergarten through Secondary,he,they
Architectural   Engineering Manager,they,they
Food Service Manager,they,they
Entertainment   Recreation Manager,they,they
Gambling Manager,they,they
Except Gambling,they,they
Lodging Manager,they,they
Medical   Health Service Manager,they,they
Natural Science Manager,they,they
Postmaster   Mail Superintendent,he,they
Property,they,they
Real Estate,they,they
Community Association Manager,they,they
Social   Community Service Manager,they,they
Emergency Management Director,he,they
Funeral Home Manager,he,they
Busines Operation Specialist,they,they
Agent   Busines Manager of Artist,they,they
Performer,they,they
Buyer   Purchasing Agent,they,they
Claim Adjuster,they,they
Appraiser,they,they
Examiner,they,they
Investigator,they,they
Insurance Appraiser,they,they
Auto Damage,they,they
Compliance Officer,they,they
Cost Estimator,they,they
Human Resource Worker,he,they
Human Resource Specialist,they,they
Farm Labor Contractor,he,they
Labor Relation Specialist,they,they
Logistician   Project Management Specialist,he,they
Logistician,they,they
Management Analyst,they,they
Meeting,they,they
Convention,they,they
Event Planner,they,they
Compensation,they,they
Benefit,they,they
Job Analysi Specialist,they,they
Market Research Analyst   Marketing Specialist,they,they
Accountant   Auditor,they,they
Property Appraiser   Assessor,they,they
Budget Analyst,they,they
Credit Analyst,they,they
Financial Analyst   Advisor,they,they
Financial   Investment Analyst,they,they
Personal Financial Advisor,he,they
Insurance Underwriter,they,they
Financial Risk Specialist,they,they
Financial Examiner,they,they
Credit Counselor   Loan Officer,they,they
Credit Counselor,they,they
Loan Officer,he,they
Tax Examiner,they,they
Tax Preparer,they,they
Miscellaneou Financial Specialist,they,they
Computer Occupation,they,they
Computer System Analyst,they,they
Information Security Analyst,they,they
Computer   Information Research Scientist,they,they
Computer Support Specialist,they,they
Computer Network Support Specialist,they,they
Computer User Support Specialist,he,they
Database   Network Administrator   Architect,they,they
Computer Network Architect,they,they
Database Administrator,they,they
Database Architect,they,they
Software   Web Developer,they,they
Programmer,they,they
Software Developer,they,they
Software Quality Assurance Analyst   Tester,they,they
Miscellaneou Computer Occupation,they,they
Mathematical Science Occupation,they,they
Actuary,they,they
Operation Research Analyst,they,they
Statistician,they,they
Architect,he,they
Surveyor,he,they
Cartographer,they,they
Except Naval,he,they
Except L scape   Naval,they,they
L scape Architect,they,they
Photogrammetrist,they,they
Cartographer   Photogrammetrist,they,they
Engineer,he,they
Aerospace Engineer,he,they
Agricultural Engineer,they,they
Civil Engineer,he,they
Computer Hardware Engineer,he,they
Electrical   Electronic Engineer,they,they
Electrical Engineer,he,they
Electronic Engineer,he,they
Except Computer,they,they
Industrial Engineer,they,they
Including Health   Safety,they,they
Except Mining Safety Engineer   Inspector,he,they
Marine Engineer   Naval Architect,he,they
Mechanical Engineer,he,they
Mining   Geological Engineer,he,they
Including Mining Safety Engineer,he,they
Nuclear Engineer,he,they
Petroleum Engineer,he,they
Miscellaneou Engineer,they,they
Engineering Technician,he,they
Mapping Technician,they,they
Architectural   Civil Drafter,they,they
Electrical   Electronic Drafter,they,they
Mechanical Drafter,they,they
Engineering Technologist   Technician,they,they
Except Drafter,they,they
Aerospace Engineering   Operation Technologist   Technician,he,they
Civil Engineering Technologist   Technician,they,they
Electrical   Electronic Engineering Technologist   Technician,he,they
Electro-Mechanical   Mechatronic Technologist   Technician,they,they
Environmental Engineering Technologist   Technician,he,they
Industrial Engineering Technologist   Technician,they,they
Mechanical Engineering Technologist   Technician,they,they
Calibration Technologist   Technician,they,they
Surveying   Mapping Technician,they,they
Agricultural   Food Scientist,they,they
Animal Scientist,they,they
Food Scientist   Technologist,they,they
Soil   Plant Scientist,they,they
Biological Scientist,they,they
Biochemist   Biophysicist,they,they
Zoologist   Wildlife Biologist,they,they
Conservation Scientist   Forester,they,they
Conservation Scientist,they,they
Forester,he,they
Medical Scientist,they,they
Epidemiologist,they,they
Except Epidemiologist,they,they
Physical Scientist,they,they
Astronomer   Physicist,they,they
Astronomer,they,they
Atmospheric   Space Scientist,they,they
Chemist   Material Scientist,they,they
Material Scientist,they,they
Environmental Scientist   Geoscientist,they,they
Environmental Scientist   Specialist,they,they
Including Health,they,they
Except Hydrologist   Geographer,they,they
Hydrologist,they,they
Economist,they,they
Survey Researcher,they,they
Psychologist,they,they
Industrial-Organizational Psychologist,they,they
Clinical   Counseling Psychologist,they,they
School Psychologist,they,they
Urban   Regional Planner,they,they
Anthropologist   Archeologist,they,they
Geographer,they,they
Political Scientist,they,they
Life,they,they
Social Science Technician,they,they
Agricultural   Food Science Technician,they,they
Agricultural Technician,they,they
Food Science Technician,they,they
Environmental Science   Geoscience Technician,they,they
Environmental Science   Protection Technician,they,they
Geological Technician,they,they
Except Hydrologic Technician,he,they
Hydrologic Technician,they,they
Nuclear Technician,they,they
Social Science Research Assistant,they,they
Forest   Conservation Technician,they,they
Forensic Science Technician,they,they
Occupational Health   Safety Specialist   Technician,they,they
Occupational Health   Safety Specialist,they,they
Occupational Health   Safety Technician,they,they
Counselor,they,they
Social Worker,they,they
Other Community   Social Service Specialist,they,they
Educational,they,they
Guidance,they,they
Career Counselor   Advisor,they,they
Marriage   Family Therapist,they,they
Substance Abuse,they,they
Behavioral Disorder,they,they
Mental Health Counselor,they,they
School Social Worker,they,they
Healthcare Social Worker,they,they
Mental Health   Substance Abuse Social Worker,they,they
Health Education Specialist,they,they
Probation Officer   Correctional Treatment Specialist,he,they
Social   Human Service Assistant,they,they
Community Health Worker,they,they
Clergy,he,they
Director,he,they
Religiou Activity   Education,they,they
Miscellaneou Religiou Worker,they,they
Lawyer,they,they
Judge,he,they
Related Worker,they,they
Lawyer   Judicial Law Clerk,he,they
Judicial Law Clerk,they,they
Magistrate,he,they
Other Judicial Worker,they,they
Administrative Law Judge,they,they
Adjudicator,they,they
Hearing Officer,they,they
Arbitrator,they,they
Magistrate Judge,they,they
Legal Support Worker,they,they
Paralegal   Legal Assistant,he,they
Title Examiner,they,they
Abstractor,they,they
Postsecondary Teacher,they,they
Busines Teacher,they,they
Math   Computer Science Teacher,they,they
Computer Science Teacher,they,they
Mathematical Science Teacher,they,they
Engineering   Architecture Teacher,he,they
Architecture Teacher,they,they
Engineering Teacher,he,they
Life Science Teacher,he,they
Agricultural Science Teacher,he,they
Biological Science Teacher,they,they
Forestry   Conservation Science Teacher,they,they
Physical Science Teacher,he,they
Earth,they,they
Marine,he,they
Space Science Teacher,they,they
Chemistry Teacher,he,they
Environmental Science Teacher,they,they
Physic Teacher,he,they
Social Science Teacher,they,they
Anthropology   Archeology Teacher,they,they
Area,they,they
Cultural Study Teacher,they,they
Economic Teacher,he,they
Geography Teacher,they,they
Political Science Teacher,he,they
Psychology Teacher,they,they
Sociology Teacher,they,they
Health Teacher,they,they
Health Specialty Teacher,they,they
Nursing Instructor   Teacher,they,they
Education   Library Science Teacher,he,they
Library Science Teacher,they,they
Law,they,they
Criminal Justice,he,they
Social Work Teacher,they,they
Criminal Justice   Law Enforcement Teacher,he,they
Law Teacher,he,they
Art,they,they
Communication,they,they
History,he,they
Humanity Teacher,they,they
Drama,they,they
English Language   Literature Teacher,he,they
Foreign Language   Literature Teacher,they,they
History Teacher,he,they
Philosophy   Religion Teacher,they,they
Miscellaneou Postsecondary Teacher,they,they
Family   Consumer Science Teacher,they,they
Career/Technical Education Teacher,they,they
Preschool,they,they
Special Education Teacher,they,they
Preschool   Kindergarten Teacher,she,she
Preschool Teacher,they,she
Except Special Education,they,they
Kindergarten Teacher,she,she
Elementary   Middle School Teacher,he,they
Middle School Teacher,he,they
Except Special   Career/Technical Education,they,they
Middle School,they,they
Secondary School Teacher,they,they
Secondary School,they,they
Kindergarten   Elementary School,he,they
Other Teacher   Instructor,they,they
Adult Basic Education,they,they
Adult Secondary Education,they,they
Self-Enrichment Teacher,they,they
Substitute Teacher,they,they
Short-Term,they,they
Tutor,they,they
Librarian,they,they
Archivist,they,they
Museum Technician,they,they
Museum Technician   Conservator,they,they
Library Technician,they,they
Other Educational Instruction   Library Occupation,they,they
Farm   Home Management Educator,they,they
Instructional Coordinator,they,they
Except Postsecondary,they,they
Miscellaneou Educational Instruction   Library Worker,they,they
Art Director,they,they
Craft Artist,they,they
Including Painter,he,they
Sculptor,he,they
Illustrator,they,they
Designer,they,they
Commercial   Industrial Designer,they,they
Fashion Designer,they,they
Floral Designer,they,they
Interior Designer,they,they
Set   Exhibit Designer,they,they
Entertainer   Performer,they,they
Sport   Related Worker,they,they
Actor,he,they
Producer,they,they
Producer   Director,they,they
Coach,they,they
Umpire,they,they
Athlete   Sport Competitor,he,they
Coach   Scout,they,they
Referee,they,they
Other Sport Official,they,they
Dancer   Choreographer,they,they
Dancer,they,they
Choreographer,they,they
Musician,they,they
Singer,he,they
Music Director   Composer,they,they
Musician   Singer,they,they
Disc Jockey,they,they
Except Radio,they,they
Medium   Communication Worker,they,they
Broadcast Announcer   Radio Disc Jockey,he,they
News Analyst,they,they
Reporter   Journalist,they,they
Reporter,they,they
Journalist,they,they
Public Relation Specialist,they,they
Writer   Editor,they,they
Editor,they,they
Writer   Author,he,they
Interpreter   Translator,they,they
Court Reporter   Simultaneou Captioner,they,they
Medium   Communication Equipment Worker,they,they
Broadcast,they,they
Lighting Technician,they,they
Audio   Video Technician,they,they
Broadcast Technician,he,they
Sound Engineering Technician,they,they
Photographer,they,they
Television,he,they
Video,they,they
Film Camera Operator   Editor,they,they
Camera Operator,they,they
Film,they,they
Film   Video Editor,they,they
Miscellaneou Medium   Communication Equipment Worker,they,they
Healthcare Diagnosing or Treating Practitioner,he,they
Chiropractor,he,they
Dentist,he,they
General,he,he
Oral   Maxillofacial Surgeon,they,they
Orthodontist,he,they
Prosthodontist,they,they
Dietitian   Nutritionist,he,they
Optometrist,they,they
Pharmacist,he,they
Podiatrist,he,they
Therapist,they,they
Occupational Therapist,they,they
Physical Therapist,he,they
Radiation Therapist,he,they
Recreational Therapist,they,they
Exercise Physiologist,they,they
Veterinarian,they,they
Registered Nurse,they,they
Nurse Anesthetist,he,they
Nurse Midwife,she,they
Physician,he,they
Anesthesiologist,he,they
Cardiologist,he,they
Dermatologist,he,they
Emergency Medicine Physician,they,they
Family Medicine Physician,they,they
General Internal Medicine Physician,they,they
Neurologist,he,they
Obstetrician   Gynecologist,they,they
Pediatrician,he,they
Pathologist,they,they
Psychiatrist,he,they
Radiologist,they,they
Surgeon,he,they
Ophthalmologist,he,they
Except Pediatric,they,they
Orthopedic Surgeon,he,they
Pediatric Surgeon,he,they
Miscellaneou Healthcare Diagnosing or Treating Practitioner,they,they
Acupuncturist,they,they
Dental Hygienist,she,they
Clinical Laboratory Technologist   Technician,they,they
Diagnostic Related Technologist   Technician,they,they
Cardiovascular Technologist   Technician,they,they
Nuclear Medicine Technologist,he,they
Radiologic Technologist   Technician,they,they
Magnetic Resonance Imaging Technologist,they,they
Medical Dosimetrist,he,they
Emergency Medical Technician   Paramedic,they,they
Paramedic,he,they
Health Practitioner Support Technologist   Technician,they,they
Dietetic Technician,they,they
Psychiatric Technician,he,they
Surgical Technologist,he,they
Veterinary Technologist   Technician,they,they
Licensed Practical   Licensed Vocational Nurse,she,they
Medical Record Specialist,they,they
Optician,he,they
Dispensing,they,they
Miscellaneou Health Technologist   Technician,they,they
Orthotist   Prosthetist,they,they
Hearing Aid Specialist,he,they
Health Information Technologist   Medical Registrar,they,they
Miscellaneou Health Practitioner   Technical Worker,they,they
Athletic Trainer,he,they
Genetic Counselor,they,they
Orderly,he,they
Psychiatric Aide,they,they
Home Health   Personal Care Aide,they,they
Nursing Assistant,they,they
Occupational Therapy   Physical Therapist Assistant   Aide,they,they
Occupational Therapy Assistant   Aide,they,they
Occupational Therapy Assistant,they,they
Occupational Therapy Aide,they,they
Physical Therapist Assistant   Aide,they,they
Physical Therapist Assistant,they,they
Physical Therapist Aide,they,they
Other Healthcare Support Occupation,they,they
Massage Therapist,they,they
Dental Assistant,they,they
Medical Equipment Preparer,they,they
Medical Transcriptionist,they,they
Pharmacy Aide,they,they
Phlebotomist,he,they
Supervisor of Protective Service Worker,he,they
First-Line Supervisor of Law Enforcement Worker,he,they
First-Line Supervisor of Correctional Officer,he,they
First-Line Supervisor of Polouse   Detective,he,they
First-Line Supervisor of Firefighting   Prevention Worker,he,they
Miscellaneou First-Line Supervisor,they,they
Protective Service Worker,they,they
First-Line Supervisor of Security Worker,he,they
Firefighting   Prevention Worker,he,they
Firefighter,he,they
Fire Inspector,they,they
Fire Inspector   Investigator,he,they
Forest Fire Inspector   Prevention Specialist,he,they
Law Enforcement Worker,he,they
Bailiff,he,they
Correctional Officer,he,they
Jailer,he,they
Correctional Officer   Jailer,he,they
Detective   Criminal Investigator,he,they
Fish   Game Warden,he,they
Parking Enforcement Worker,they,they
Polouse Officer,they,they
Polouse   Sheriff' Patrol Officer,he,they
Transit   Railroad Polouse,they,they
Other Protective Service Worker,they,they
Animal Control Worker,they,they
Private Detective   Investigator,they,they
Security Guard   Gambling Surveillance Officer,he,they
Gambling Surveillance Officer   Gambling Investigator,they,they
Security Guard,he,they
Miscellaneou Protective Service Worker,they,they
Crossing Guard   Flagger,they,they
Lifeguard,he,they
Ski Patrol,he,they
Transportation Security Screener,they,they
School Bu Monitor,they,they
Supervisor of Food Preparation   Serving Worker,they,they
Chef   Head Cook,he,they
First-Line Supervisor of Food Preparation   Serving Worker,he,they
Cook   Food Preparation Worker,he,they
Cook,he,they
Fast Food,they,they
Institution   Cafeterium,he,they
Restaurant,they,they
Short Order,they,they
Food Preparation Worker,they,they
Waiter   Waitress,he,they
Food Server,they,they
Nonrestaurant,they,they
Other Food Preparation   Serving Related Worker,they,they
Dining Room   Cafeterium Attendant   Bartender Helper,they,they
Dishwasher,they,they
Lounge,they,they
Coffee Shop,they,they
Supervisor of Building   Ground Cleaning   Maintenance Worker,he,they
First-Line Supervisor of Building   Ground Cleaning   Maintenance Worker,he,they
First-Line Supervisor of Housekeeping   Janitorial Worker,they,they
First-Line Supervisor of L scaping,he,they
Lawn Service,he,they
Groundskeeping Worker,he,they
Building Cleaning   Pest Control Worker,they,they
Building Cleaning Worker,they,they
Janitor   Cleaner,they,they
Except Maid   Housekeeping Cleaner,they,they
Maid   Housekeeping Cleaner,she,she
Pest Control Worker,he,they
Ground Maintenance Worker,they,they
L scaping   Groundskeeping Worker,they,they
Pesticide H ler,they,they
Sprayer,they,they
Applicator,he,they
Tree Trimmer   Pruner,they,they
Supervisor of Personal Care   Service Worker,he,they
First-Line Supervisor of Entertainment   Recreation Worker,he,they
First-Line Supervisor of Gambling Service Worker,he,they
Except Gambling Service,they,they
First-Line Supervisor of Personal Service Worker,they,they
Animal Care   Service Worker,they,they
Animal Trainer,he,they
Entertainment Attendant   Related Worker,they,they
Gambling Service Worker,they,they
Gambling Dealer,he,they
Gambling   Sport Book Writer   Runner,he,they
Motion Picture Projectionist,he,they
Usher,he,they
Lobby Attendant,they,they
Ticket Taker,they,they
Amusement   Recreation Attendant,they,they
Costume Attendant,they,they
Locker Room,they,they
Coatroom,they,they
Dressing Room Attendant,they,they
Funeral Service Worker,he,they
Embalmer   Crematory Operator,he,they
Embalmer,he,they
Crematory Operator,they,they
Funeral Attendant,they,they
Mortician,he,they
Undertaker,he,he
Funeral Arranger,they,they
Personal Appearance Worker,he,they
Barber,he,they
Hairdresser,she,they
Hairstylist   Cosmetologist,they,they
Cosmetologist,they,they
Miscellaneou Personal Appearance Worker,they,they
Makeup Artist,they,they
Theatrical   Performance,they,they
Manicurist   Pedicurist,they,they
Shampooer,they,they
Skincare Specialist,they,they
Baggage Porter,he,they
Bellhop,they,they
Concierge,they,they
Baggage Porter   Bellhop,he,they
Tmy   Travel Guide,they,they
Other Personal Care   Service Worker,they,they
Childcare Worker,they,they
Recreation   Fitnes Worker,they,they
Exercise Trainer   Group Fitnes Instructor,he,they
Recreation Worker,they,they
Residential Advisor,they,they
Miscellaneou Personal Care   Service Worker,they,they
Supervisor of Sale Worker,he,they
First-Line Supervisor of Sale Worker,they,they
First-Line Supervisor of Retail Sale Worker,they,they
First-Line Supervisor of Non-Retail Sale Worker,he,they
Retail Sale Worker,they,they
Gambling Change Person   Booth Cashier,he,they
Counter   Rental Clerk   Part Salesperson,they,they
Part Salesperson,they,they
Sale Representative,they,they
Advertising Sale Agent,they,they
Insurance Sale Agent,they,they
Security,he,they
Financial Service Sale Agent,they,they
Travel Agent,they,they
Miscellaneou Sale Representative,they,they
Sale Representative of Service,they,they
Except Advertising,they,they
Insurance,they,they
Financial Service,they,they
Wholesale   Manufacturing,they,they
Technical   Scientific Product,they,they
Except Technical   Scientific Product,they,they
Model,they,they
Demonstrator,they,they
Product Promoter,they,they
Real Estate Broker   Sale Agent,they,they
Real Estate Broker,they,they
Real Estate Sale Agent,he,they
Telemarketer,they,they
Door-to-Door Sale Worker,they,they
News   Street Vendor,they,they
Supervisor of Office   Administrative Support Worker,he,they
First-Line Supervisor of Office   Administrative Support Worker,he,they
Communication Equipment Operator,they,they
Switchboard Operator,they,they
Telephone Operator,they,they
Miscellaneou Communication Equipment Operator,they,they
Financial Clerk,they,they
Bill   Account Collector,they,they
Billing   Posting Clerk,they,they
Bookkeeping,they,they
Accounting,they,they
Auditing Clerk,they,they
Gambling Cage Worker,they,they
Payroll   Timekeeping Clerk,they,they
Procurement Clerk,they,they
Teller,they,they
Miscellaneou Financial Clerk,they,they
Information   Record Clerk,they,they
Brokerage Clerk,they,they
Correspondence Clerk,they,they
Court,they,they
Municipal,they,they
License Clerk,he,they
Credit Authorizer,they,they
Checker,they,they
Clerk,he,they
Customer Service Representative,they,they
Eligibility Interviewer,they,they
Government Program,they,they
File Clerk,they,they
Hotel,they,they
Motel,they,they
Resort Desk Clerk,they,they
Interviewer,they,they
Except Eligibility   Loan,they,they
Clerical,they,they
Loan Interviewer   Clerk,they,they
New Account Clerk,they,they
Order Clerk,they,they
Except Payroll   Timekeeping,they,they
Receptionist   Information Clerk,they,they
Miscellaneou Information   Record Clerk,they,they
Scheduling,they,they
Dispatching,he,they
Cargo   Freight Agent,they,they
Courier   Messenger,they,they
Except Polouse,they,they
Fire,he,they
Ambulance,they,they
Meter Reader,he,they
Utility,they,they
Postal Service Worker,he,they
Postal Service Clerk,he,they
Postal Service Mail Carrier,he,they
Postal Service Mail Sorter,they,they
Processor,they,they
Processing Machine Operator,they,they
Production,they,they
Planning,they,they
Expediting Clerk,they,they
Inventory Clerk,they,they
Weigher,they,they
Measurer,they,they
Recordkeeping,they,they
Secretary   Administrative Assistant,she,they
Executive Secretary   Executive Administrative Assistant,she,they
Legal Secretary   Administrative Assistant,they,they
Medical Secretary   Administrative Assistant,she,they
Except Legal,they,they
Medical,he,they
Executive,he,they
Other Office   Administrative Support Worker,they,they
Datum Entry   Information Processing Worker,they,they
Word Processor   Typist,they,they
Desktop Publisher,they,they
Insurance Claim   Policy Processing Clerk,they,they
Mail Clerk   Mail Machine Operator,they,they
Except Postal Service,they,they
Office Clerk,they,they
Office Machine Operator,they,they
Statistical Assistant,they,they
Miscellaneou Office   Administrative Support Worker,they,they
Supervisor of Farming,he,they
Fishing,they,they
Forestry Worker,he,they
First-Line Supervisor of Farming,he,they
Agricultural Worker,he,they
Agricultural Inspector,they,they
Animal Breeder,they,they
Miscellaneou Agricultural Worker,they,they
Agricultural Equipment Operator,he,they
Crop,they,they
Nursery,they,they
Greenhouse,they,they
Farmworker,they,they
Ranch,they,they
Forest,they,they
Logging Worker,he,they
Forest   Conservation Worker,they,they
Logging Equipment Operator,he,they
Log Grader   Scaler,they,they
Supervisor of Construction   Extraction Worker,he,he
First-Line Supervisor of Construction Trade   Extraction Worker,he,they
Construction Trade Worker,he,they
Boilermaker,he,they
Brickmason,he,he
Blockmason,he,they
Stonemason,he,they
Brickmason   Blockmason,he,they
Carpenter,he,they
Carpet,they,they
Floor,they,they
Tile Installer   Finisher,he,they
Carpet Installer,he,they
Floor Layer,he,they
Except Carpet,they,they
Wood,he,they
Hard Tile,they,they
Floor S er   Finisher,he,he
Tile   Stone Setter,he,they
Cement Mason,he,they
Concrete Finisher,he,they
Terrazzo Worker,he,they
Cement Mason   Concrete Finisher,he,they
Terrazzo Worker   Finisher,he,they
Construction Laborer,he,they
Construction Equipment Operator,he,they
Paving,he,they
Surfacing,they,they
Tamping Equipment Operator,he,they
Pile Driver Operator,he,they
Operating Engineer   Other Construction Equipment Operator,he,they
Drywall Installer,he,they
Ceiling Tile Installer,he,they
Taper,they,they
Drywall   Ceiling Tile Installer,they,they
Electrician,he,they
Glazier,he,they
Insulation Worker,he,they
Ceiling,they,they
Wall,they,they
Mechanical,he,they
Painter   Paperhanger,they,they
Painter,he,they
Construction   Maintenance,he,they
Paperhanger,they,they
Pipelayer,he,he
Plumber,he,they
Pipefitter,he,they
Steamfitter,he,they
Plasterer   Stucco Mason,he,they
Reinforcing Iron   Rebar Worker,he,they
Roofer,he,they
Sheet Metal Worker,he,they
Structural Iron   Steel Worker,he,they
Solar Photovoltaic Installer,they,they
Construction Trade,he,they
Helpers--Brickmason,he,they
Tile   Marble Setter,he,they
Helpers--Carpenter,he,they
Helpers--Electrician,he,they
Helpers--Painter,they,they
Plasterer,he,they
Stucco Mason,he,they
Helpers--Pipelayer,he,they
Helpers--Roofer,he,they
Other Construction   Related Worker,they,they
Construction   Building Inspector,they,they
Elevator   Escalator Installer   Repairer,they,they
Fence Erector,he,they
Hazardou Material Removal Worker,they,they
Highway Maintenance Worker,he,they
Rail-Track Laying   Maintenance Equipment Operator,he,they
Septic Tank Servicer   Sewer Pipe Cleaner,they,they
Miscellaneou Construction   Related Worker,they,they
Extraction Worker,he,they
Derrick,he,he
Rotary Drill,he,they
Service Unit Operator,they,they
Oil   Ga,they,they
Derrick Operator,he,they
Rotary Drill Operator,they,they
Surface Mining Machine Operator   Earth Driller,he,they
Excavating   Loading Machine   Dragline Operator,he,they
Surface Mining,they,they
Earth Driller,they,they
Except Oil   Ga,they,they
Explosive Worker,he,they
Ordnance H ling Expert,he,they
Underground Mining Machine Operator,he,they
Continuou Mining Machine Operator,he,they
Roof Bolter,he,he
Mining,he,they
Loading   Moving Machine Operator,they,they
Underground Mining,he,he
Rock Splitter,he,they
Roustabout,he,he
Helpers--Extraction Worker,he,they
Miscellaneou Extraction Worker,they,they
Supervisor of Installation,he,they
Maintenance,they,they
Repair Worker,he,they
First-Line Supervisor of Mechanic,he,they
Installer,they,they
Repairer,they,they
Electrical   Electronic Equipment Mechanic,they,they
Automated Teller,they,they
Office Machine Repairer,he,they
Radio   Telecommunication Equipment Installer   Repairer,they,they
Radio,they,they
Telecommunication Equipment Installer   Repairer,they,they
Except Line Installer,they,they
Miscellaneou Electrical   Electronic Equipment Mechanic,they,they
Avionic Technician,they,they
Power Tool,he,they
Related Repairer,they,they
Electrical   Electronic Installer   Repairer,they,they
Transportation Equipment,they,they
Electrical   Electronic Repairer,he,they
Commercial   Industrial Equipment,he,they
Powerhouse,they,they
Substation,they,they
Electronic Equipment Installer   Repairer,they,they
Security   Fire Alarm System Installer,they,they
Vehicle   Mobile Equipment Mechanic,he,they
Aircraft Mechanic   Service Technician,they,they
Automotive Technician   Repairer,he,he
Automotive Body   Related Repairer,he,they
Automotive Glas Installer   Repairer,they,they
Automotive Service Technician   Mechanic,he,they
Bu   Truck Mechanic   Diesel Engine Specialist,he,they
Heavy Vehicle   Mobile Equipment Service Technician   Mechanic,they,they
Farm Equipment Mechanic   Service Technician,he,they
Mobile Heavy Equipment Mechanic,he,they
Except Engine,they,they
Rail Car Repairer,he,they
Small Engine Mechanic,he,they
Motorboat Mechanic   Service Technician,he,they
Motorcycle Mechanic,he,they
Outdoor Power Equipment   Other Small Engine Mechanic,he,they
Miscellaneou Vehicle   Mobile Equipment Mechanic,he,they
Bicycle Repairer,he,they
Recreational Vehicle Service Technician,they,they
Tire Repairer   Changer,he,they
Other Installation,they,they
Repair Occupation,he,they
Control   Valve Installer   Repairer,he,they
Mechanical Door Repairer,he,they
Except Mechanical Door,they,they
Heating,he,they
Air Conditioning,he,they
Refrigeration Mechanic   Installer,he,they
Home Appliance Repairer,he,they
Industrial Machinery Installation,he,they
Repair,they,they
Maintenance Worker,they,they
Industrial Machinery Mechanic,he,they
Millwright,he,they
Refractory Material Repairer,he,they
Except Brickmason,he,they
Line Installer   Repairer,they,they
Electrical Power-Line Installer   Repairer,he,he
Telecommunication Line Installer   Repairer,they,they
Precision Instrument   Equipment Repairer,they,they
Medical Equipment Repairer,they,they
Musical Instrument Repairer   Tuner,he,they
Watch   Clock Repairer,he,they
Maintenance   Repair Worker,he,they
Wind Turbine Service Technician,they,they
Miscellaneou Installation,they,they
Coin,they,they
Amusement Machine Servicer   Repairer,they,they
Commercial Diver,he,they
Locksmith   Safe Repairer,they,they
Manufactured Building   Mobile Home Installer,they,they
Rigger,they,they
Signal   Track Switch Repairer,they,they
Helpers--Installation,they,they
Supervisor of Production Worker,he,they
First-Line Supervisor of Production   Operating Worker,they,they
Assembler   Fabricator,they,they
Aircraft Structure,they,they
Surface,they,they
System Assembler,they,they
Electrical,he,they
Electronic,they,they
Electromechanical Assembler,they,they
Coil Winder,they,they
Finisher,they,they
Except Coil Winder,they,they
Engine   Other Machine Assembler,they,they
Structural Metal Fabricator   Fitter,he,they
Fiberglas Laminator   Fabricator,they,they
Timing Device Assembler   Adjuster,they,they
Miscellaneou Assembler   Fabricator,they,they
Food Processing Worker,they,they
Baker,he,they
Butcher   Other Meat,he,they
Poultry,they,they
Fish Processing Worker,they,they
Butcher   Meat Cutter,he,they
Fish Cutter   Trimmer,they,they
Slaughterer   Meat Packer,he,they
Miscellaneou Food Processing Worker,they,they
Food   Tobacco Roasting,they,they
Baking,they,they
Drying Machine Operator   Tender,they,they
Food Batchmaker,he,they
Food Cooking Machine Operator   Tender,they,they
Metal Worker   Plastic Worker,they,they
Forming Machine Setter,he,they
Operator,they,they
Tender,they,they
Extruding   Drawing Machine Setter,they,they
Forging Machine Setter,they,they
Rolling Machine Setter,he,they
Machine Tool Cutting Setter,he,they
Punching,he,they
Pres Machine Setter,they,they
Drilling   Boring Machine Tool Setter,he,they
Grinding,they,they
Polishing,they,they
Buffing Machine Tool Setter,he,they
Lathe   Turning Machine Tool Setter,he,they
Milling   Planing Machine Setter,he,they
Machinist,he,they
Metal Furnace Operator,he,they
Pourer,they,they
Metal-Refining Furnace Operator   Tender,he,they
Pourer   Caster,they,they
Metal,he,they
Model Maker   Patternmaker,they,they
Model Maker,they,they
Patternmaker,they,they
Molder   Molding Machine Setter,he,they
Foundry Mold   Coremaker,he,they
Coremaking,he,they
Casting Machine Setter,they,they
Multiple Machine Tool Setter,they,they
Tool   Die Maker,he,they
Welding,he,they
Soldering,he,they
Brazing Worker,he,they
Welder,he,they
Solderer,he,they
Brazer,he,they
Brazing Machine Setter,he,they
Miscellaneou Metal Worker   Plastic Worker,they,they
Heat Treating Equipment Setter,he,they
Layout Worker,they,they
Plating Machine Setter,they,they
Tool Grinder,he,they
Printing Worker,they,they
Prepres Technician   Worker,they,they
Printing Pres Operator,he,they
Print Binding   Finishing Worker,they,they
Apparel,they,they
Furnishing Worker,they,they
Garment,they,they
Related Material,they,they
Sewing Machine Operator,they,they
Shoe   Leather Worker,he,they
Shoe   Leather Worker   Repairer,he,they
Shoe Machine Operator   Tender,he,they
Tailor,he,they
Dressmaker,she,she
Sewer,they,they
H,they,they
Custom Sewer,they,they
Textile Machine Setter,they,they
Textile Bleaching   Dyeing Machine Operator   Tender,they,they
Textile Cutting Machine Setter,they,they
Textile Knitting   Weaving Machine Setter,they,they
Textile Winding,they,they
Drawing Out Machine Setter,he,they
Miscellaneou Textile,they,they
Extruding   Forming Machine Setter,they,they
Fabric   Apparel Patternmaker,they,they
Upholsterer,he,they
Woodworker,he,they
Cabinetmaker   Bench Carpenter,he,they
Furniture Finisher,they,they
Woodworking Machine Setter,he,they
Sawing Machine Setter,he,they
Except Sawing,they,they
Miscellaneou Woodworker,they,they
Plant   System Operator,they,they
Power Plant Operator,he,they
Distributor,they,they
Nuclear Power Reactor Operator,he,they
Power Distributor   Dispatcher,he,they
Stationary Engineer   Boiler Operator,he,they
Water   Wastewater Treatment Plant   System Operator,he,they
Miscellaneou Plant   System Operator,they,they
Chemical Plant   System Operator,he,they
Ga Plant Operator,they,they
Petroleum Pump System Operator,he,they
Refinery Operator,they,they
Gauger,he,they
Other Production Occupation,they,they
Chemical Processing Machine Setter,they,they
Chemical Equipment Operator   Tender,they,they
Clarifying,they,they
Still Machine Setter,he,they
Blending Worker,they,they
Polishing Machine Setter,he,they
Grinding   Polishing Worker,they,they
Cutting Worker,they,they
Cutter   Trimmer,they,they
Cutting   Slicing Machine Setter,he,they
Extruding,they,they
Compacting Machine Setter,he,they
Furnace,he,they
Oven,he,they
Drier,they,they
Kettle Operator   Tender,they,they
Inspector,he,they
Sorter,they,they
Jeweler   Preciou Stone   Metal Worker,they,they
Dental   Ophthalmic Laboratory Technician   Medical Appliance Technician,they,they
Dental Laboratory Technician,they,they
Medical Appliance Technician,they,they
Packaging   Filling Machine Operator   Tender,they,they
Painting Worker,he,they
Painting,they,they
Coating,they,they
Decorating Worker,they,they
Spraying Machine Setter,they,they
Semiconductor Processing Technician,they,they
Photographic Proces Worker   Processing Machine Operator,they,they
Computer Numerically Controlled Tool Operator   Programmer,they,they
Computer Numerically Controlled Tool Operator,they,they
Computer Numerically Controlled Tool Programmer,they,they
Miscellaneou Production Worker,they,they
Adhesive Bonding Machine Operator   Tender,they,they
Cleaning,they,they
Metal Pickling Equipment Operator   Tender,they,they
Cooling   Freezing Equipment Operator   Tender,he,they
Etcher   Engraver,they,they
Molder,he,they
Except Metal   Plastic,they,they
Paper Good Machine Setter,they,they
Tire Builder,he,they
Helpers--Production Worker,they,they
Supervisor of Transportation   Material Moving Worker,he,they
First-Line Supervisor of Transportation   Material Moving Worker,they,they
Aircraft Cargo H ling Supervisor,he,they
Except Aircraft Cargo H ling Supervisor,they,they
Air Transportation Worker,they,they
Aircraft Pilot   Flight Engineer,he,they
Airline Pilot,he,they
Copilot,they,they
Flight Engineer,he,they
Commercial Pilot,he,they
Air Traffic Controller   Airfield Operation Specialist,he,they
Air Traffic Controller,he,they
Airfield Operation Specialist,they,they
Flight Attendant,they,they
Motor Vehicle Operator,he,they
Ambulance Driver   Attendant,they,they
Except Emergency Medical Technician,he,they
Driver/Sale Worker   Truck Driver,he,they
Driver/Sale Worker,they,they
Heavy   Tractor-Trailer Truck Driver,he,they
Light Truck Driver,he,they
Passenger Vehicle Driver,they,they
Bu Driver,they,they
School,they,they
Transit   Intercity,they,they
Shuttle Driver   Chauffeur,he,they
Taxi Driver,he,they
Miscellaneou Motor Vehicle Operator,they,they
Rail Transportation Worker,they,they
Locomotive Engineer   Operator,he,they
Locomotive Engineer,he,they
Rail Yard Engineer,he,they
Dinkey Operator,he,they
Hostler,he,they
Railroad Brake,they,they
Switch Operator   Locomotive Firer,he,they
Railroad Conductor   Yardmaster,he,they
Subway   Streetcar Operator,they,they
Miscellaneou Rail Transportation Worker,they,they
Water Transportation Worker,they,they
Sailor   Marine Oiler,he,they
Ship   Boat Captain   Operator,he,they
Captain,he,they
Mate,they,he
Pilot of Water Vessel,he,they
Motorboat Operator,he,they
Ship Engineer,he,they
Bridge   Lock Tender,they,they
Parking Attendant,they,they
Transportation Service Attendant,they,they
Automotive   Watercraft Service Attendant,they,they
Traffic Technician,he,they
Transportation Inspector,they,they
Passenger Attendant,they,they
Material Moving Worker,they,they
Conveyor Operator   Tender,they,they
Crane   Tower Operator,they,they
Dredge Operator,he,they
Hoist   Winch Operator,he,they
Industrial Truck   Tractor Operator,he,they
Laborer   Material Mover,he,they
Cleaner of Vehicle   Equipment,they,they
Laborer   Freight,he,they
Stock,they,they
Material Mover,they,they
Machine Feeder   Offbearer,they,they
Pumping Station Operator,he,they
Ga Compressor   Ga Pumping Station Operator,he,they
Pump Operator,he,they
Except Wellhead Pumper,he,they
Wellhead Pumper,he,they
Refuse   Recyclable Material Collector,they,they
Tank Car,he,they
Truck,he,they
Ship Loader,he,they
Miscellaneou Material Moving Worker,they,they
